Comparison,f_statistic,f_p_value,t_statistic,t_p_value
llama3_8b-instruct-fp16 vs llama3_8b-instruct-sentiment_analysis-fp16,2.1945755744296767,0.1409938364008628,-1.481409995386043,0.14099383640086194
llama3_8b-instruct-q4_K_M vs llama3_8b-instruct-sentiment_analysis-q4_K_M,2.926716822899192,0.08962511309420838,-1.7107649817842276,0.08962511309420874
llama3_8b-instruct-q5_K_M vs llama3_8b-instruct-sentiment_analysis-q5_K_M,1.6082588493985979,0.2070749694095276,-1.268171458990699,0.20707496940952688
llama3_8b-instruct-q8_0 vs llama3_8b-instruct-sentiment_analysis-q8_0,1.6985614396044573,0.19485271977769078,-1.3032887015563581,0.19485271977769114
